day,year,meanTemp,maxTemp,minTemp
1,1948,31,39,61
2,1948,30,38,66
3,1948,30,38,68
4,1948,29,37,71
5,1948,29,37,68
6,1948,28,36,62
7,1948,28,36,58
8,1948,28,35,55
9,1948,27,35,56
10,1948,27,35,59
11,1948,26,34,60
12,1948,26,34,61
13,1948,26,33,63
14,1948,25,33,60
15,1948,25,33,54
16,1948,25,32,58
17,1948,24,32,52
18,1948,24,32,57
19,1948,24,31,57
20,1948,24,31,56
21,1948,23,31,58
22,1948,23,31,57
23,1948,23,31,59
24,1948,23,30,59
25,1948,23,30,55
26,1948,22,30,53
27,1948,22,30,57
28,1948,22,30,67
29,1948,22,30,66
30,1948,22,30,62
31,1948,22,30,60
1,1949,29,31,39
2,1949,30,30,44
3,1949,44,30,57
4,1949,36,29,45
5,1949,32,29,44
6,1949,36,28,50
7,1949,24,28,30
8,1949,16,28,24
9,1949,18,27,28
10,1949,36,27,45
11,1949,47,26,66
12,1949,20,26,25
13,1949,18,26,24
14,1949,10,25,19
15,1949,19,25,35
16,1949,31,25,43
17,1949,38,24,48
18,1949,34,24,42
19,1949,39,24,44
20,1949,36,24,44
21,1949,22,23,26
22,1949,13,23,19
23,1949,10,23,19
24,1949,20,23,35
25,1949,32,23,39
26,1949,21,22,28
27,1949,26,22,37
28,1949,32,22,46
29,1949,34,22,41
30,1949,36,22,46
31,1949,40,22,43
1,1950,26,31,35
2,1950,30,30,36
3,1950,22,30,28
4,1950,21,29,32
5,1950,23,29,34
6,1950,10,28,12
7,1950,12,28,21
8,1950,20,28,25
9,1950,17,27,24
10,1950,16,27,23
11,1950,18,26,24
12,1950,23,26,27
13,1950,22,26,26
14,1950,26,25,32
15,1950,12,25,19
16,1950,7,25,14
17,1950,0,24,8
18,1950,2,24,16
19,1950,14,24,21
20,1950,7,24,21
21,1950,23,23,36
22,1950,28,23,34
23,1950,30,23,42
24,1950,24,23,37
25,1950,12,23,14
26,1950,3,22,12
27,1950,0,22,15
28,1950,20,22,32
29,1950,12,22,18
30,1950,19,22,33
31,1950,24,22,37
1,1951,42,31,57
2,1951,48,30,62
3,1951,52,30,64
4,1951,39,29,50
5,1951,42,29,46
6,1951,53,28,64
7,1951,42,28,48
8,1951,34,28,37
9,1951,24,27,30
10,1951,28,27,39
11,1951,22,26,34
12,1951,17,26,26
13,1951,14,26,19
14,1951,10,25,17
15,1951,-8,25,1
16,1951,-6,25,3
17,1951,10,24,18
18,1951,2,24,12
19,1951,9,24,25
20,1951,23,24,27
21,1951,4,23,10
22,1951,0,23,12
23,1951,2,23,12
24,1951,0,23,12
25,1951,17,23,25
26,1951,10,22,21
27,1951,4,22,21
28,1951,22,22,35
29,1951,26,22,39
30,1951,34,22,39
31,1951,30,22,44
1,1952,26,31,30
2,1952,25,30,32
3,1952,28,30,30
4,1952,33,29,36
5,1952,30,29,36
6,1952,32,28,39
7,1952,36,28,46
8,1952,40,28,54
9,1952,37,27,46
10,1952,32,27,35
11,1952,32,26,41
12,1952,27,26,33
13,1952,21,26,24
14,1952,22,25,26
15,1952,24,25,39
16,1952,32,25,46
17,1952,33,24,45
18,1952,26,24,34
19,1952,27,24,33
20,1952,32,24,34
21,1952,30,23,33
22,1952,33,23,34
23,1952,32,23,34
24,1952,27,23,30
25,1952,22,23,24
26,1952,22,22,28
27,1952,20,22,28
28,1952,22,22,30
29,1952,27,22,39
30,1952,28,22,32
31,1952,32,22,35
1,1953,26,31,37
2,1953,43,30,54
3,1953,46,30,54
4,1953,42,29,54
5,1953,35,29,45
6,1953,38,28,46
7,1953,40,28,52
8,1953,38,28,46
9,1953,35,27,41
10,1953,29,27,39
11,1953,29,26,39
12,1953,24,26,38
13,1953,32,26,39
14,1953,29,25,36
15,1953,24,25,29
16,1953,14,25,25
17,1953,2,24,12
18,1953,16,24,33
19,1953,30,24,43
20,1953,37,24,46
21,1953,38,23,42
22,1953,24,23,38
23,1953,9,23,18
24,1953,24,23,36
25,1953,31,23,38
26,1953,35,22,39
27,1953,32,22,40
28,1953,32,22,40
29,1953,34,22,38
30,1953,22,22,35
31,1953,30,22,47
1,1954,33,31,35
2,1954,30,30,34
3,1954,30,30,40
4,1954,32,29,45
5,1954,34,29,41
6,1954,26,28,34
7,1954,26,28,36
8,1954,30,28,40
9,1954,30,27,35
10,1954,20,27,33
11,1954,34,26,44
12,1954,32,26,42
13,1954,24,26,34
14,1954,28,25,35
15,1954,32,25,35
16,1954,29,25,35
17,1954,32,24,35
18,1954,28,24,30
19,1954,21,24,28
20,1954,22,24,32
21,1954,30,23,33
22,1954,30,23,33
23,1954,36,23,45
24,1954,33,23,41
25,1954,38,23,48
26,1954,42,22,45
27,1954,36,22,40
28,1954,28,22,32
29,1954,22,22,28
30,1954,18,22,28
31,1954,22,30,60
1,1955,20,31,29
2,1955,31,30,35
3,1955,34,30,36
4,1955,27,29,36
5,1955,17,29,24
6,1955,23,28,38
7,1955,28,28,42
8,1955,22,28,34
9,1955,18,27,28
10,1955,18,27,27
11,1955,16,26,27
12,1955,20,26,33
13,1955,30,26,39
14,1955,28,25,36
15,1955,12,25,20
16,1955,14,25,27
17,1955,17,24,25
18,1955,5,24,16
19,1955,0,24,10
20,1955,6,24,16
21,1955,17,23,25
22,1955,26,23,36
23,1955,37,23,49
24,1955,44,23,55
25,1955,30,23,40
26,1955,35,22,41
27,1955,31,22,38
28,1955,36,22,42
29,1955,26,22,40
30,1955,15,22,28
31,1955,28,22,43
1,1956,30,31,41
2,1956,42,30,55
3,1956,41,30,58
4,1956,42,29,57
5,1956,48,29,57
6,1956,30,28,38
7,1956,21,28,27
8,1956,21,28,25
9,1956,14,27,30
10,1956,28,27,41
11,1956,36,26,42
12,1956,22,26,30
13,1956,9,26,21
14,1956,18,25,27
15,1956,27,25,32
16,1956,30,25,35
17,1956,24,24,37
18,1956,14,24,28
19,1956,27,24,40
20,1956,31,24,37
21,1956,32,23,35
22,1956,36,23,39
23,1956,34,23,38
24,1956,26,23,30
25,1956,21,23,25
26,1956,31,22,44
27,1956,39,22,44
28,1956,33,22,40
29,1956,27,22,34
30,1956,34,22,47
31,1956,40,22,47
1,1957,38,31,49
2,1957,30,30,44
3,1957,30,30,35
4,1957,26,29,43
5,1957,34,29,50
6,1957,42,28,56
7,1957,32,28,37
8,1957,30,28,35
9,1957,30,27,43
10,1957,25,27,40
11,1957,10,26,18
12,1957,14,26,28
13,1957,35,26,52
14,1957,31,25,50
15,1957,40,25,52
16,1957,38,25,48
17,1957,39,24,43
18,1957,37,24,41
19,1957,40,24,50
20,1957,39,24,45
21,1957,40,23,52
22,1957,46,23,57
23,1957,46,23,54
24,1957,32,23,45
25,1957,36,23,39
26,1957,30,22,35
27,1957,34,22,44
28,1957,30,22,41
29,1957,29,22,34
30,1957,23,22,26
31,1957,20,22,26
1,1958,24,31,35
2,1958,28,30,41
3,1958,36,30,43
4,1958,36,29,42
5,1958,22,29,34
6,1958,13,28,23
7,1958,12,28,18
8,1958,10,28,18
9,1958,-4,27,8
10,1958,4,27,20
11,1958,18,26,23
12,1958,4,26,14
13,1958,0,26,12
14,1958,2,25,11
15,1958,4,25,21
16,1958,22,25,37
17,1958,24,24,38
18,1958,24,24,35
19,1958,34,24,41
20,1958,26,24,37
21,1958,22,23,27
22,1958,34,23,51
23,1958,37,23,47
24,1958,34,23,39
25,1958,30,23,45
26,1958,36,22,42
27,1958,38,22,51
28,1958,38,22,50
29,1958,33,22,45
30,1958,23,22,31
31,1958,26,22,28
1,1959,34,31,39
2,1959,38,30,43
3,1959,40,30,54
4,1959,40,29,48
5,1959,34,29,42
6,1959,27,28,31
7,1959,25,28,39
8,1959,33,28,42
9,1959,33,27,47
10,1959,31,27,40
11,1959,38,26,41
12,1959,42,26,48
13,1959,38,26,45
14,1959,38,25,46
15,1959,42,25,54
16,1959,40,25,53
17,1959,38,24,46
18,1959,33,24,42
19,1959,32,24,38
20,1959,32,24,35
21,1959,28,23,35
22,1959,25,23,33
23,1959,34,23,37
24,1959,25,23,33
25,1959,34,23,41
26,1959,46,22,53
27,1959,53,22,57
28,1959,41,22,51
29,1959,36,22,46
30,1959,26,22,30
31,1959,26,22,34
1,1960,20,31,33
2,1960,34,30,49
3,1960,40,30,52
4,1960,52,29,64
5,1960,49,29,60
6,1960,34,28,44
7,1960,27,28,37
8,1960,26,28,34
9,1960,18,27,30
10,1960,32,27,40
11,1960,32,26,39
12,1960,19,26,26
13,1960,22,26,38
14,1960,29,25,37
15,1960,30,25,36
16,1960,24,25,39
17,1960,24,24,34
18,1960,24,24,35
19,1960,22,24,31
20,1960,14,24,20
21,1960,2,23,13
22,1960,3,23,10
23,1960,1,23,13
24,1960,14,23,25
25,1960,34,23,50
26,1960,36,22,44
27,1960,24,22,30
28,1960,22,22,31
29,1960,26,22,35
30,1960,32,22,47
31,1960,37,22,48
1,1961,42,31,49
2,1961,40,30,55
3,1961,46,30,61
4,1961,47,29,62
5,1961,31,29,44
6,1961,37,28,41
7,1961,28,28,38
8,1961,22,28,35
9,1961,29,27,33
10,1961,19,27,30
11,1961,6,26,11
12,1961,8,26,15
13,1961,-0,26,15
14,1961,13,25,21
15,1961,9,25,20
16,1961,22,25,30
17,1961,30,24,33
18,1961,27,24,30
19,1961,28,24,32
20,1961,22,24,31
21,1961,23,23,30
22,1961,29,23,35
23,1961,28,23,33
24,1961,20,23,26
25,1961,13,23,26
26,1961,22,22,31
27,1961,13,22,25
28,1961,0,22,13
29,1961,10,22,15
30,1961,10,22,16
31,1961,12,22,23
1,1962,44,31,60
2,1962,51,30,66
3,1962,49,30,62
4,1962,44,29,52
5,1962,30,29,39
6,1962,22,28,30
7,1962,25,28,36
8,1962,26,28,34
9,1962,16,27,19
10,1962,13,27,16
11,1962,6,26,14
12,1962,2,26,12
13,1962,16,26,31
14,1962,18,25,32
15,1962,28,25,40
16,1962,33,25,41
17,1962,35,24,50
18,1962,39,24,55
19,1962,40,24,45
20,1962,34,24,43
21,1962,29,23,35
22,1962,28,23,36
23,1962,20,23,35
24,1962,11,23,22
25,1962,18,23,24
26,1962,-4,22,13
27,1962,10,22,24
28,1962,18,22,36
29,1962,23,22,37
30,1962,12,22,20
31,1962,19,22,25
1,1963,24,31,35
2,1963,26,30,38
3,1963,23,30,39
4,1963,32,29,37
5,1963,32,29,37
6,1963,38,28,54
7,1963,37,28,50
8,1963,36,28,45
9,1963,24,27,30
10,1963,18,27,23
11,1963,23,26,28
12,1963,12,26,24
13,1963,4,26,13
14,1963,4,25,12
15,1963,-2,25,6
16,1963,-3,25,8
17,1963,6,24,15
18,1963,0,24,12
19,1963,-0,24,11
20,1963,-5,24,2
21,1963,-10,23,-1
22,1963,-6,23,5
23,1963,-2,23,11
24,1963,19,23,38
25,1963,28,23,43
26,1963,33,22,40
27,1963,20,22,30
28,1963,11,22,26
29,1963,9,22,25
30,1963,2,22,17
31,1963,7,22,22
1,1964,19,31,26
2,1964,23,30,26
3,1964,24,30,30
4,1964,23,29,27
5,1964,14,29,24
6,1964,14,28,23
7,1964,25,28,31
8,1964,28,28,32
9,1964,28,27,32
10,1964,32,27,39
11,1964,36,26,39
12,1964,37,26,43
13,1964,30,26,40
14,1964,22,25,33
15,1964,19,25,30
16,1964,24,25,34
17,1964,4,24,15
18,1964,8,24,23
19,1964,15,24,23
20,1964,18,24,27
21,1964,27,23,42
22,1964,30,23,40
23,1964,39,23,47
24,1964,30,23,45
25,1964,17,23,24
26,1964,9,22,18
27,1964,11,22,25
28,1964,26,22,34
29,1964,34,22,43
30,1964,35,22,39
31,1964,27,22,36
1,1965,38,31,50
2,1965,38,30,47
3,1965,39,30,44
4,1965,32,29,42
5,1965,41,29,50
6,1965,35,28,43
7,1965,32,28,47
8,1965,34,28,45
9,1965,39,27,52
10,1965,42,27,47
11,1965,52,26,60
12,1965,49,26,58
13,1965,37,26,42
14,1965,34,25,42
15,1965,28,25,31
16,1965,26,25,30
17,1965,24,24,30
18,1965,28,24,36
19,1965,27,24,38
20,1965,33,24,36
21,1965,31,23,45
22,1965,38,23,53
23,1965,48,23,58
24,1965,44,23,57
25,1965,27,23,33
26,1965,18,22,27
27,1965,18,22,25
28,1965,18,22,32
29,1965,36,22,43
30,1965,44,22,55
31,1965,48,22,60
1,1966,18,31,27
2,1966,12,30,19
3,1966,14,30,23
4,1966,24,29,31
5,1966,32,29,34
6,1966,44,28,55
7,1966,38,28,46
8,1966,38,28,42
9,1966,34,27,36
10,1966,26,27,34
11,1966,17,26,22
12,1966,18,26,25
13,1966,24,26,32
14,1966,32,25,43
15,1966,36,25,46
16,1966,38,25,45
17,1966,42,24,52
18,1966,35,24,46
19,1966,40,24,51
20,1966,38,24,43
21,1966,34,23,39
22,1966,26,23,34
23,1966,18,23,27
24,1966,22,23,31
25,1966,18,23,27
26,1966,15,22,23
27,1966,18,22,24
28,1966,25,22,29
29,1966,14,22,24
30,1966,17,22,29
31,1966,25,22,35
1,1967,34,31,36
2,1967,34,30,36
3,1967,34,30,46
4,1967,35,29,47
5,1967,44,29,55
6,1967,43,28,48
7,1967,42,28,49
8,1967,40,28,42
9,1967,37,27,41
10,1967,36,27,38
11,1967,32,26,35
12,1967,35,26,40
13,1967,30,26,35
14,1967,26,25,31
15,1967,20,25,28
16,1967,28,25,40
17,1967,39,24,47
18,1967,38,24,44
19,1967,33,24,43
20,1967,46,24,56
21,1967,38,23,58
22,1967,12,23,18
23,1967,18,23,31
24,1967,26,23,36
25,1967,24,23,37
26,1967,11,22,19
27,1967,16,22,24
28,1967,22,22,25
29,1967,15,22,28
30,1967,28,22,31
31,1967,10,22,27
1,1968,32,31,35
2,1968,40,30,47
3,1968,39,30,43
4,1968,33,29,44
5,1968,32,29,42
6,1968,24,28,31
7,1968,21,28,29
8,1968,18,28,28
9,1968,26,27,33
10,1968,30,27,42
11,1968,38,26,52
12,1968,51,26,57
13,1968,34,26,54
14,1968,10,25,16
15,1968,14,25,23
16,1968,23,25,33
17,1968,26,24,38
18,1968,34,24,37
19,1968,36,24,42
20,1968,26,24,30
21,1968,24,23,29
22,1968,31,23,38
23,1968,20,23,25
24,1968,8,23,15
25,1968,6,23,11
26,1968,20,22,29
27,1968,32,22,35
28,1968,28,22,34
29,1968,19,22,27
30,1968,19,22,28
31,1968,-1,22,10
1,1969,38,31,54
2,1969,37,30,50
3,1969,36,30,43
4,1969,26,29,35
5,1969,32,29,46
6,1969,34,28,38
7,1969,32,28,34
8,1969,24,28,31
9,1969,26,27,40
10,1969,29,27,36
11,1969,24,26,33
12,1969,20,26,29
13,1969,31,26,41
14,1969,30,25,39
15,1969,18,25,26
16,1969,16,25,27
17,1969,25,24,29
18,1969,29,24,35
19,1969,22,24,31
20,1969,18,24,30
21,1969,26,23,31
22,1969,17,23,27
23,1969,22,23,26
24,1969,17,23,26
25,1969,22,23,27
26,1969,19,22,26
27,1969,14,22,24
28,1969,24,22,29
29,1969,26,22,29
30,1969,20,22,28
31,1969,28,22,31
1,1970,54,31,61
2,1970,41,30,53
3,1970,54,30,66
4,1970,33,29,43
5,1970,31,29,38
6,1970,16,28,25
7,1970,28,28,38
8,1970,40,28,51
9,1970,40,27,48
10,1970,31,27,35
11,1970,32,26,34
12,1970,31,26,33
13,1970,26,26,32
14,1970,22,25,28
15,1970,24,25,35
16,1970,35,25,37
17,1970,34,24,36
18,1970,38,24,42
19,1970,27,24,39
20,1970,16,24,23
21,1970,24,23,37
22,1970,32,23,34
23,1970,20,23,31
24,1970,16,23,30
25,1970,20,23,29
26,1970,22,22,33
27,1970,20,22,29
28,1970,13,22,22
29,1970,17,22,27
30,1970,24,22,32
31,1970,32,22,41
1,1971,21,31,30
2,1971,29,30,33
3,1971,30,30,35
4,1971,30,29,33
5,1971,34,29,37
6,1971,38,28,42
7,1971,39,28,41
8,1971,39,28,42
9,1971,36,27,43
10,1971,41,27,48
11,1971,35,26,43
12,1971,32,26,37
13,1971,24,26,34
14,1971,32,25,35
15,1971,39,25,44
16,1971,34,25,39
17,1971,24,24,34
18,1971,24,24,38
19,1971,35,24,40
20,1971,28,24,36
21,1971,32,23,38
22,1971,30,23,38
23,1971,39,23,44
24,1971,37,23,43
25,1971,36,23,43
26,1971,33,22,41
27,1971,22,22,30
28,1971,20,22,29
29,1971,28,22,34
30,1971,28,22,33
31,1971,26,22,39
1,1972,35,31,44
2,1972,39,30,52
3,1972,28,30,40
4,1972,16,29,20
5,1972,22,29,25
6,1972,8,28,19
7,1972,5,28,15
8,1972,19,28,24
9,1972,10,27,17
10,1972,6,27,10
11,1972,-1,26,13
12,1972,18,26,26
13,1972,12,26,21
14,1972,8,25,19
15,1972,10,25,14
16,1972,3,25,11
17,1972,11,24,27
18,1972,32,24,40
19,1972,42,24,48
20,1972,34,24,37
21,1972,29,23,33
22,1972,26,23,31
23,1972,29,23,32
24,1972,33,23,35
25,1972,32,23,34
26,1972,22,22,34
27,1972,28,22,41
28,1972,31,22,39
29,1972,37,22,41
30,1972,42,22,52
31,1972,27,22,34
1,1973,36,31,44
2,1973,50,30,66
3,1973,50,30,63
4,1973,40,29,44
5,1973,34,29,44
6,1973,20,28,23
7,1973,18,28,29
8,1973,26,28,34
9,1973,28,27,34
10,1973,14,27,22
11,1973,18,26,29
12,1973,28,26,38
13,1973,30,26,35
14,1973,20,25,25
15,1973,22,25,27
16,1973,16,25,25
17,1973,14,24,22
18,1973,22,24,25
19,1973,21,24,23
20,1973,8,24,19
21,1973,3,23,11
22,1973,16,23,29
23,1973,22,23,30
24,1973,32,23,36
25,1973,36,23,38
26,1973,34,22,36
27,1973,30,22,34
28,1973,30,22,38
29,1973,24,22,36
30,1973,12,22,22
31,1973,0,22,6
1,1974,32,31,33
2,1974,26,30,33
3,1974,20,30,28
4,1974,26,29,30
5,1974,26,29,36
6,1974,36,28,38
7,1974,36,28,38
8,1974,24,28,34
9,1974,19,27,28
10,1974,32,27,42
11,1974,32,26,40
12,1974,30,26,39
13,1974,34,26,38
14,1974,36,25,41
15,1974,36,25,41
16,1974,32,25,36
17,1974,26,24,29
18,1974,25,24,31
19,1974,24,24,31
20,1974,26,24,31
21,1974,21,23,31
22,1974,26,23,41
23,1974,31,23,40
24,1974,30,23,37
25,1974,20,23,27
26,1974,29,22,39
27,1974,32,22,36
28,1974,38,22,42
29,1974,34,22,36
30,1974,30,22,37
31,1974,34,22,35
1,1975,22,31,29
2,1975,30,30,37
3,1975,32,30,38
4,1975,41,29,57
5,1975,54,29,65
6,1975,42,28,62
7,1975,30,28,35
8,1975,30,28,33
9,1975,30,27,34
10,1975,38,27,50
11,1975,38,26,45
12,1975,33,26,35
13,1975,47,26,60
14,1975,46,25,60
15,1975,23,25,32
16,1975,24,25,31
17,1975,14,24,25
18,1975,8,24,16
19,1975,29,24,43
20,1975,34,24,40
21,1975,24,23,34
22,1975,27,23,37
23,1975,28,23,33
24,1975,28,23,32
25,1975,32,23,35
26,1975,29,22,33
27,1975,24,22,27
28,1975,27,22,31
29,1975,30,22,33
30,1975,34,22,38
31,1975,28,22,35
1,1976,16,31,20
2,1976,13,30,21
3,1976,12,30,19
4,1976,18,29,25
5,1976,20,29,29
6,1976,20,28,28
7,1976,2,28,12
8,1976,8,28,15
9,1976,24,27,37
10,1976,24,27,41
11,1976,8,26,23
12,1976,22,26,31
13,1976,10,26,21
14,1976,28,25,41
15,1976,31,25,44
16,1976,34,25,41
17,1976,36,24,43
18,1976,38,24,50
19,1976,36,24,45
20,1976,22,24,35
21,1976,10,23,19
22,1976,23,23,35
23,1976,16,23,29
24,1976,28,23,47
25,1976,33,23,41
26,1976,27,22,34
27,1976,34,22,47
28,1976,25,22,44
29,1976,5,22,11
30,1976,6,22,15
31,1976,-0,22,12
1,1977,31,31,36
2,1977,32,30,36
3,1977,21,30,28
4,1977,22,29,28
5,1977,26,29,28
6,1977,8,28,23
7,1977,5,28,12
8,1977,15,28,20
9,1977,6,27,17
10,1977,-2,27,6
11,1977,8,26,18
12,1977,30,26,43
13,1977,38,26,41
14,1977,35,25,39
15,1977,38,25,44
16,1977,40,25,45
17,1977,44,24,50
18,1977,36,24,40
19,1977,34,24,35
20,1977,26,24,33
21,1977,18,23,21
22,1977,24,23,38
23,1977,30,23,37
24,1977,28,23,39
25,1977,12,23,22
26,1977,8,22,15
27,1977,4,22,11
28,1977,16,22,28
29,1977,27,22,36
30,1977,24,22,33
31,1977,27,22,31
1,1978,26,31,28
2,1978,20,30,26
3,1978,24,30,32
4,1978,20,29,33
5,1978,32,29,34
6,1978,22,28,32
7,1978,14,28,16
8,1978,12,28,16
9,1978,4,27,12
10,1978,2,27,16
11,1978,26,26,36
12,1978,36,26,41
13,1978,30,26,38
14,1978,28,25,40
15,1978,31,25,40
16,1978,27,25,37
17,1978,28,24,39
18,1978,36,24,44
19,1978,34,24,38
20,1978,30,24,35
21,1978,24,23,33
22,1978,31,23,35
23,1978,28,23,37
24,1978,28,23,37
25,1978,18,23,27
26,1978,18,22,28
27,1978,16,22,24
28,1978,26,22,30
29,1978,31,22,35
30,1978,20,22,29
31,1978,12,22,15
1,1979,25,31,30
2,1979,20,30,32
3,1979,32,30,44
4,1979,36,29,51
5,1979,46,29,52
6,1979,35,28,46
7,1979,37,28,43
8,1979,24,28,31
9,1979,37,27,51
10,1979,44,27,59
11,1979,40,26,55
12,1979,20,26,28
13,1979,24,26,37
14,1979,27,25,41
15,1979,40,25,52
16,1979,26,25,45
17,1979,12,24,22
18,1979,28,24,41
19,1979,36,24,49
20,1979,36,24,47
21,1979,38,23,47
22,1979,41,23,51
23,1979,47,23,52
24,1979,38,23,42
25,1979,34,23,39
26,1979,32,22,36
27,1979,32,22,35
28,1979,29,22,34
29,1979,33,22,44
30,1979,36,22,41
31,1979,30,22,38
1,1980,44,31,53
2,1980,24,30,37
3,1980,18,30,29
4,1980,30,29,35
5,1980,44,29,55
6,1980,50,28,55
7,1980,43,28,47
8,1980,35,28,41
9,1980,29,27,34
10,1980,27,27,32
11,1980,21,26,25
12,1980,38,26,51
13,1980,31,26,43
14,1980,29,25,37
15,1980,29,25,35
16,1980,32,25,36
17,1980,36,24,45
18,1980,34,24,42
19,1980,16,24,29
20,1980,8,24,14
21,1980,17,23,22
22,1980,24,23,33
23,1980,28,23,36
24,1980,22,23,34
25,1980,5,23,15
26,1980,20,22,26
27,1980,20,22,28
28,1980,30,22,38
29,1980,38,22,46
30,1980,32,22,42
31,1980,33,22,38
1,1981,37,31,41
2,1981,32,30,38
3,1981,30,30,35
4,1981,31,29,37
5,1981,31,29,41
6,1981,40,28,49
7,1981,42,28,53
8,1981,35,28,41
9,1981,34,27,41
10,1981,24,27,32
11,1981,31,26,36
12,1981,27,26,34
13,1981,36,26,41
14,1981,30,25,38
15,1981,20,25,25
16,1981,18,25,24
17,1981,13,24,21
18,1981,10,24,19
19,1981,8,24,19
20,1981,13,24,25
21,1981,30,23,36
22,1981,32,23,36
23,1981,26,23,36
24,1981,28,23,39
25,1981,28,23,40
26,1981,36,22,41
27,1981,31,22,36
28,1981,22,22,28
29,1981,12,22,22
30,1981,20,22,30
31,1981,28,22,37
1,1982,50,31,61
2,1982,60,30,64
3,1982,52,30,62
4,1982,36,29,41
5,1982,42,29,44
6,1982,36,28,42
7,1982,32,28,37
8,1982,24,28,28
9,1982,13,27,24
10,1982,31,27,38
11,1982,22,26,31
12,1982,14,26,24
13,1982,30,26,41
14,1982,36,25,42
15,1982,36,25,40
16,1982,32,25,37
17,1982,29,24,38
18,1982,41,24,49
19,1982,38,24,43
20,1982,34,24,36
21,1982,30,23,40
22,1982,37,23,46
23,1982,46,23,51
24,1982,50,23,59
25,1982,43,23,55
26,1982,28,22,31
27,1982,36,22,42
28,1982,39,22,56
29,1982,18,22,22
30,1982,24,22,33
31,1982,30,22,37
1,1983,20,31,27
2,1983,30,30,37
3,1983,25,30,32
4,1983,32,29,36
5,1983,34,29,35
6,1983,28,28,33
7,1983,16,28,25
8,1983,13,28,25
9,1983,26,27,33
10,1983,22,27,31
11,1983,34,26,36
12,1983,29,26,35
13,1983,28,26,34
14,1983,34,25,35
15,1983,26,25,33
16,1983,8,25,19
17,1983,2,24,5
18,1983,-6,24,-1
19,1983,-10,24,-4
20,1983,0,24,11
21,1983,14,23,19
22,1983,-3,23,10
23,1983,-12,23,-9
24,1983,-14,23,-9
25,1983,-7,23,0
26,1983,5,22,16
27,1983,18,22,22
28,1983,15,22,22
29,1983,1,22,8
30,1983,6,22,19
31,1983,20,22,29
1,1984,30,31,37
2,1984,36,30,42
3,1984,21,30,30
4,1984,19,29,27
5,1984,24,29,34
6,1984,15,28,31
7,1984,28,28,44
8,1984,36,28,51
9,1984,38,27,49
10,1984,40,27,49
11,1984,40,26,53
12,1984,41,26,50
13,1984,30,26,36
14,1984,34,25,36
15,1984,38,25,45
16,1984,51,25,58
17,1984,36,24,44
18,1984,20,24,28
19,1984,26,24,30
20,1984,26,24,33
21,1984,36,23,44
22,1984,26,23,36
23,1984,34,23,43
24,1984,21,23,37
25,1984,12,23,27
26,1984,26,22,33
27,1984,40,22,47
28,1984,55,22,67
29,1984,47,22,66
30,1984,26,22,33
31,1984,28,22,32
1,1985,22,31,36
2,1985,4,30,8
3,1985,6,30,15
4,1985,24,29,33
5,1985,26,29,33
6,1985,14,28,25
7,1985,28,28,39
8,1985,27,28,34
9,1985,20,27,25
10,1985,28,27,32
11,1985,23,26,29
12,1985,6,26,17
13,1985,2,26,12
14,1985,2,25,18
15,1985,20,25,28
16,1985,16,25,23
17,1985,4,24,8
18,1985,-6,24,4
19,1985,-6,24,9
20,1985,6,24,12
21,1985,-2,23,13
22,1985,26,23,38
23,1985,34,23,40
24,1985,16,23,38
25,1985,-1,23,6
26,1985,21,22,38
27,1985,23,22,33
28,1985,14,22,22
29,1985,12,22,20
30,1985,20,22,40
31,1985,28,22,38
1,1986,36,31,40
2,1986,36,30,38
3,1986,33,30,35
4,1986,28,29,31
5,1986,26,29,37
6,1986,36,28,40
7,1986,38,28,40
8,1986,34,28,36
9,1986,27,27,35
10,1986,12,27,19
11,1986,24,26,34
12,1986,16,26,25
13,1986,12,26,24
14,1986,32,25,44
15,1986,34,25,47
16,1986,36,25,43
17,1986,36,24,41
18,1986,33,24,36
19,1986,32,24,45
20,1986,34,24,41
21,1986,31,23,39
22,1986,30,23,38
23,1986,32,23,37
24,1986,29,23,32
25,1986,29,23,31
26,1986,30,22,34
27,1986,28,22,38
28,1986,34,22,42
29,1986,34,22,38
30,1986,34,22,37
31,1986,34,22,38
1,1987,32,31,34
2,1987,32,30,38
3,1987,34,30,36
4,1987,28,29,34
5,1987,30,29,39
6,1987,34,28,35
7,1987,34,28,37
8,1987,44,28,52
9,1987,46,27,52
10,1987,38,27,46
11,1987,45,26,52
12,1987,40,26,46
13,1987,36,26,40
14,1987,30,25,36
15,1987,26,25,28
16,1987,20,25,25
17,1987,14,24,23
18,1987,24,24,34
19,1987,34,24,35
20,1987,32,24,35
21,1987,31,23,40
22,1987,34,23,38
23,1987,35,23,41
24,1987,36,23,42
25,1987,30,23,35
26,1987,25,22,30
27,1987,28,22,33
28,1987,32,22,33
29,1987,23,22,31
30,1987,28,22,37
31,1987,26,22,36
1,1988,26,31,34
2,1988,40,30,56
3,1988,42,30,51
4,1988,32,29,40
5,1988,38,29,49
6,1988,40,28,53
7,1988,40,28,49
8,1988,24,28,32
9,1988,24,27,35
10,1988,24,27,33
11,1988,11,26,19
12,1988,18,26,30
13,1988,35,26,43
14,1988,36,25,42
15,1988,24,25,35
16,1988,15,25,30
17,1988,18,24,28
18,1988,32,24,46
19,1988,40,24,57
20,1988,42,24,53
21,1988,29,23,35
22,1988,34,23,41
23,1988,41,23,47
24,1988,35,23,42
25,1988,22,23,28
26,1988,28,22,33
27,1988,22,22,37
28,1988,14,22,20
29,1988,18,22,30
30,1988,30,22,40
31,1988,28,22,37
1,1989,36,31,51
2,1989,31,30,45
3,1989,18,30,27
4,1989,37,29,50
5,1989,44,29,58
6,1989,39,28,52
7,1989,20,28,26
8,1989,21,28,25
9,1989,28,27,40
10,1989,30,27,35
11,1989,20,26,29
12,1989,6,26,15
13,1989,10,26,18
14,1989,4,25,13
15,1989,-3,25,8
16,1989,2,25,12
17,1989,12,24,17
18,1989,6,24,15
19,1989,5,24,11
20,1989,0,24,7
21,1989,-6,23,6
22,1989,-11,23,-5
23,1989,-10,23,0
24,1989,7,23,17
25,1989,28,23,40
26,1989,18,22,36
27,1989,26,22,39
28,1989,37,22,42
29,1989,34,22,38
30,1989,28,22,30
31,1989,30,22,33
1,1990,44,31,52
2,1990,34,30,42
3,1990,32,30,38
4,1990,20,29,25
5,1990,27,29,41
6,1990,34,28,38
7,1990,28,28,40
8,1990,31,28,41
9,1990,34,27,46
10,1990,36,27,44
11,1990,38,26,50
12,1990,40,26,45
13,1990,32,26,38
14,1990,28,25,35
15,1990,36,25,39
16,1990,32,25,34
17,1990,34,24,37
18,1990,27,24,36
19,1990,31,24,35
20,1990,33,24,45
21,1990,12,23,21
22,1990,-2,23,4
23,1990,-2,23,4
24,1990,12,23,24
25,1990,12,23,23
26,1990,2,22,10
27,1990,15,22,23
28,1990,26,22,33
29,1990,20,22,36
30,1990,0,22,4
31,1990,8,22,20
1,1991,21,31,28
2,1991,24,30,27
3,1991,16,30,25
4,1991,3,29,9
5,1991,22,29,35
6,1991,25,28,39
7,1991,40,28,49
8,1991,46,28,55
9,1991,36,27,45
10,1991,40,27,53
11,1991,40,26,49
12,1991,50,26,61
13,1991,34,26,44
14,1991,32,25,41
15,1991,24,25,30
16,1991,30,25,45
17,1991,34,24,39
18,1991,20,24,32
19,1991,21,24,30
20,1991,32,24,34
21,1991,28,23,33
22,1991,32,23,35
23,1991,36,23,38
24,1991,34,23,43
25,1991,33,23,44
26,1991,35,22,44
27,1991,35,22,40
28,1991,32,22,34
29,1991,34,22,37
30,1991,33,22,35
31,1991,32,22,34
1,1992,30,31,37
2,1992,32,30,35
3,1992,26,30,33
4,1992,24,29,32
5,1992,14,29,20
6,1992,22,28,29
7,1992,22,28,29
8,1992,24,28,36
9,1992,30,27,34
10,1992,32,27,36
11,1992,30,26,35
12,1992,28,26,36
13,1992,30,26,34
14,1992,34,25,34
15,1992,36,25,40
16,1992,32,25,37
17,1992,27,24,28
18,1992,30,24,33
19,1992,30,24,36
20,1992,21,24,31
21,1992,30,23,37
22,1992,33,23,45
23,1992,25,23,38
24,1992,10,23,22
25,1992,23,23,31
26,1992,19,22,29
27,1992,34,22,43
28,1992,33,22,42
29,1992,38,22,40
30,1992,36,22,39
31,1992,18,22,34
1,1993,35,31,44
2,1993,40,30,50
3,1993,38,30,47
4,1993,38,29,40
5,1993,36,29,41
6,1993,34,28,41
7,1993,36,28,46
8,1993,34,28,41
9,1993,44,27,56
10,1993,42,27,52
11,1993,28,26,39
12,1993,36,26,44
13,1993,40,26,43
14,1993,36,25,39
15,1993,42,25,46
16,1993,40,25,45
17,1993,40,24,43
18,1993,38,24,42
19,1993,37,24,41
20,1993,34,24,39
21,1993,25,23,30
22,1993,25,23,30
23,1993,15,23,22
24,1993,14,23,20
25,1993,14,23,20
26,1993,10,22,12
27,1993,11,22,13
28,1993,5,22,11
29,1993,16,22,23
30,1993,14,22,28
31,1993,27,22,38
1,1994,31,39,61
2,1994,30,38,66
3,1994,30,38,68
4,1994,29,37,71
5,1994,29,37,68
6,1994,28,36,62
7,1994,28,36,20
8,1994,28,35,55
9,1994,27,35,56
10,1994,27,35,59
11,1994,26,34,60
12,1994,26,34,61
13,1994,26,33,63
14,1994,25,33,60
15,1994,25,33,54
16,1994,25,32,58
17,1994,24,32,52
18,1994,24,32,57
19,1994,24,31,57
20,1994,24,31,56
21,1994,23,31,58
22,1994,23,31,57
23,1994,23,31,59
24,1994,23,30,59
25,1994,23,30,15
26,1994,22,30,53
27,1994,22,30,57
28,1994,22,30,67
29,1994,22,30,66
30,1994,22,30,62
31,1994,22,30,60
1,1995,31,39,61
2,1995,30,38,66
3,1995,30,38,68
4,1995,29,37,71
5,1995,29,37,68
6,1995,28,36,62
7,1995,28,36,58
8,1995,28,35,55
9,1995,27,35,56
10,1995,27,35,59
11,1995,26,34,60
12,1995,26,34,61
13,1995,26,33,63
14,1995,25,33,60
15,1995,25,33,54
16,1995,25,32,58
17,1995,24,32,17
18,1995,24,32,57
19,1995,24,31,57
20,1995,24,31,56
21,1995,23,31,16
22,1995,23,31,57
23,1995,23,31,15
24,1995,23,30,59
25,1995,23,30,15
26,1995,22,30,15
27,1995,22,30,57
28,1995,22,30,67
29,1995,22,30,66
30,1995,22,30,62
31,1995,22,30,60
1,1996,28,31,32
2,1996,26,30,30
3,1996,18,30,28
4,1996,20,29,30
5,1996,32,29,34
6,1996,32,28,37
7,1996,30,28,42
8,1996,26,28,28
9,1996,26,27,32
10,1996,36,27,45
11,1996,36,26,37
12,1996,34,26,37
13,1996,32,26,37
14,1996,36,25,45
15,1996,32,25,43
16,1996,22,25,30
17,1996,18,24,24
18,1996,6,24,10
19,1996,6,24,10
20,1996,8,24,23
21,1996,30,23,37
22,1996,34,23,37
23,1996,22,23,35
24,1996,5,23,9
25,1996,0,23,3
26,1996,6,22,10
27,1996,20,22,30
28,1996,32,22,34
29,1996,16,22,21
30,1996,20,22,30
31,1996,24,22,28
1,1997,36,31,37
2,1997,38,30,39
3,1997,33,30,36
4,1997,28,29,30
5,1997,21,29,25
6,1997,26,28,28
7,1997,26,28,27
8,1997,28,28,30
9,1997,29,27,32
10,1997,34,27,35
11,1997,31,26,34
12,1997,24,26,28
13,1997,26,26,34
14,1997,24,25,33
15,1997,31,25,43
16,1997,32,25,42
17,1997,28,24,39
18,1997,32,24,41
19,1997,35,24,46
20,1997,28,24,34
21,1997,28,23,34
22,1997,32,23,33
23,1997,30,23,32
24,1997,30,23,32
25,1997,26,23,28
26,1997,26,22,30
27,1997,11,22,21
28,1997,27,22,33
29,1997,20,22,30
30,1997,17,22,26
31,1997,11,22,16
1,1998,44,31,60
2,1998,54,30,62
3,1998,54,30,63
4,1998,62,29,71
5,1998,56,29,60
6,1998,42,28,51
7,1998,26,28,32
8,1998,28,28,36
9,1998,32,27,44
10,1998,34,27,41
11,1998,36,26,48
12,1998,36,26,48
13,1998,36,26,48
14,1998,38,25,52
15,1998,39,25,48
16,1998,37,25,41
17,1998,30,24,36
18,1998,42,24,51
19,1998,26,24,30
20,1998,24,24,28
21,1998,12,23,17
22,1998,8,23,14
23,1998,16,23,25
24,1998,18,23,27
25,1998,24,23,33
26,1998,20,22,30
27,1998,30,22,39
28,1998,24,22,37
29,1998,20,22,37
30,1998,3,22,8
31,1998,2,22,10
1,1999,40,31,51
2,1999,50,30,60
3,1999,51,30,60
4,1999,42,29,46
5,1999,34,29,41
6,1999,28,28,36
7,1999,37,28,46
8,1999,38,28,50
9,1999,38,27,44
10,1999,32,27,39
11,1999,30,26,39
12,1999,34,26,44
13,1999,30,26,42
14,1999,36,25,41
15,1999,30,25,35
16,1999,16,25,24
17,1999,20,24,24
18,1999,14,24,27
19,1999,28,24,33
20,1999,12,24,24
21,1999,2,23,10
22,1999,7,23,14
23,1999,9,23,25
24,1999,8,23,15
25,1999,20,23,34
26,1999,30,22,39
27,1999,18,22,27
28,1999,26,22,39
29,1999,40,22,54
30,1999,36,22,46
31,1999,33,22,45
1,2000,32,31,34
2,2000,25,30,33
3,2000,24,30,35
4,2000,28,29,37
5,2000,11,29,16
6,2000,18,28,26
7,2000,34,28,43
8,2000,20,28,28
9,2000,24,27,32
10,2000,20,27,32
11,2000,6,26,9
12,2000,-4,26,1
13,2000,5,26,14
14,2000,14,25,19
15,2000,21,25,30
16,2000,18,25,32
17,2000,0,24,3
18,2000,8,24,12
19,2000,2,24,8
20,2000,5,24,17
21,2000,2,23,10
22,2000,-3,23,5
23,2000,10,23,19
24,2000,-4,23,0
25,2000,-4,23,9
26,2000,12,22,19
27,2000,5,22,12
28,2000,11,22,17
29,2000,16,22,19
30,2000,15,22,18
31,2000,9,22,12
1,2001,30,31,37
2,2001,38,30,54
3,2001,40,30,54
4,2001,52,29,64
5,2001,52,29,68
6,2001,42,28,54
7,2001,38,28,48
8,2001,34,28,42
9,2001,32,27,45
10,2001,37,27,51
11,2001,34,26,48
12,2001,40,26,44
13,2001,35,26,42
14,2001,32,25,35
15,2001,40,25,46
16,2001,44,25,46
17,2001,35,24,42
18,2001,36,24,48
19,2001,33,24,39
20,2001,30,24,42
21,2001,30,23,42
22,2001,36,23,52
23,2001,22,23,24
24,2001,16,23,19
25,2001,14,23,19
26,2001,16,22,23
27,2001,23,22,30
28,2001,19,22,26
29,2001,10,22,15
30,2001,11,22,19
31,2001,12,22,21
1,2002,31,31,50
2,2002,26,30,34
3,2002,22,30,30
4,2002,24,29,30
5,2002,18,29,25
6,2002,23,28,39
7,2002,34,28,44
8,2002,21,28,32
9,2002,22,27,39
10,2002,32,27,48
11,2002,27,26,39
12,2002,36,26,44
13,2002,33,26,45
14,2002,38,25,50
15,2002,40,25,53
16,2002,32,25,37
17,2002,36,24,45
18,2002,45,24,57
19,2002,44,24,57
20,2002,33,24,34
21,2002,30,23,37
22,2002,29,23,34
23,2002,24,23,30
24,2002,23,23,27
25,2002,20,23,24
26,2002,24,22,39
27,2002,26,22,35
28,2002,38,22,51
29,2002,37,22,50
30,2002,44,22,55
31,2002,30,22,39
1,2003,36,31,46
2,2003,33,30,36
3,2003,36,30,41
4,2003,34,29,37
5,2003,32,29,37
6,2003,28,28,33
7,2003,34,28,39
8,2003,42,28,48
9,2003,38,27,43
10,2003,27,27,37
11,2003,13,26,16
12,2003,14,26,18
13,2003,20,26,26
14,2003,26,25,28
15,2003,32,25,37
16,2003,28,25,37
17,2003,23,24,32
18,2003,28,24,32
19,2003,21,24,28
20,2003,20,24,32
21,2003,40,23,46
22,2003,37,23,41
23,2003,27,23,33
24,2003,24,23,34
25,2003,28,23,41
26,2003,34,22,43
27,2003,45,22,51
28,2003,42,22,50
29,2003,30,22,35
30,2003,32,22,46
31,2003,31,22,37
1,2004,33,31,42
2,2004,36,30,46
3,2004,32,30,44
4,2004,42,29,53
5,2004,36,29,44
6,2004,44,28,46
7,2004,42,28,46
8,2004,36,28,45
9,2004,44,27,48
10,2004,40,27,43
11,2004,36,26,39
12,2004,40,26,46
13,2004,26,26,33
14,2004,21,25,30
15,2004,31,25,43
16,2004,37,25,46
17,2004,26,24,34
18,2004,30,24,42
19,2004,8,24,15
20,2004,26,24,35
21,2004,22,23,33
22,2004,8,23,9
23,2004,2,23,3
24,2004,13,23,17
25,2004,23,30,15
26,2004,22,30,15
27,2004,22,30,57
28,2004,38,22,48
29,2004,30,22,41
30,2004,47,22,62
31,2004,42,22,53
1,2005,18,31,26
2,2005,12,30,19
3,2005,22,30,25
4,2005,11,29,21
5,2005,5,29,14
6,2005,5,28,12
7,2005,0,28,10
8,2005,12,28,19
9,2005,10,27,23
10,2005,28,27,39
11,2005,31,26,37
12,2005,24,26,33
13,2005,24,26,36
14,2005,34,25,37
15,2005,30,25,36
16,2005,22,25,24
17,2005,18,24,33
18,2005,6,24,12
19,2005,4,24,12
20,2005,12,24,23
21,2005,11,23,21
22,2005,24,23,42
23,2005,32,23,41
24,2005,37,23,39
25,2005,36,23,37
26,2005,33,22,34
27,2005,34,22,39
28,2005,34,22,34
29,2005,35,22,36
30,2005,35,22,37
31,2005,31,22,34
1,2006,24,31,28
2,2006,22,30,30
3,2006,14,30,18
4,2006,26,29,39
5,2006,24,29,37
6,2006,28,28,37
7,2006,11,28,17
8,2006,16,28,30
9,2006,32,27,46
10,2006,40,27,48
11,2006,36,26,44
12,2006,43,26,53
13,2006,34,26,48
14,2006,42,25,57
15,2006,34,25,39
16,2006,44,25,57
17,2006,40,24,45
18,2006,29,24,37
19,2006,29,24,43
20,2006,29,24,37
21,2006,41,23,45
22,2006,38,23,41
23,2006,33,23,39
24,2006,31,23,41
25,2006,32,23,34
26,2006,29,22,37
27,2006,34,22,41
28,2006,39,22,48
29,2006,46,22,52
30,2006,48,22,51
31,2006,42,22,52
1,2007,27,31,36
2,2007,28,30,36
3,2007,22,30,28
4,2007,26,29,30
5,2007,23,29,30
6,2007,20,28,27
7,2007,22,28,28
8,2007,14,28,17
9,2007,16,27,19
10,2007,21,27,25
11,2007,29,26,32
12,2007,24,26,27
13,2007,29,26,33
14,2007,16,25,21
15,2007,21,25,25
16,2007,14,25,19
17,2007,18,24,24
18,2007,27,24,35
19,2007,19,24,28
20,2007,32,24,35
21,2007,36,23,39
22,2007,28,23,39
23,2007,14,23,23
24,2007,22,23,26
25,2007,26,23,39
26,2007,26,22,34
27,2007,26,22,28
28,2007,26,22,32
29,2007,16,22,26
30,2007,14,22,25
31,2007,20,22,24
1,2008,23,31,31
2,2008,25,30,39
3,2008,25,30,34
4,2008,14,29,22
5,2008,17,29,29
6,2008,22,28,35
7,2008,12,28,19
8,2008,27,28,35
9,2008,27,27,35
10,2008,17,27,24
11,2008,24,26,32
12,2008,17,26,24
13,2008,33,26,44
14,2008,31,25,57
15,2008,5,25,9
16,2008,6,25,11
17,2008,8,24,13
18,2008,12,24,22
19,2008,25,24,28
20,2008,13,24,28
21,2008,-3,23,-1
22,2008,2,23,11
23,2008,22,23,33
24,2008,15,23,33
25,2008,12,23,30
26,2008,40,22,50
27,2008,36,22,48
28,2008,26,22,34
29,2008,30,22,40
30,2008,28,22,39
31,2008,13,22,20
1,2009,46,31,59
2,2009,35,30,39
3,2009,27,30,32
4,2009,20,29,25
5,2009,27,29,38
6,2009,28,28,35
7,2009,28,28,29
8,2009,29,28,32
9,2009,17,27,32
10,2009,4,27,12
11,2009,7,26,20
12,2009,18,26,34
13,2009,35,26,36
14,2009,22,25,35
15,2009,5,25,9
16,2009,12,25,22
17,2009,28,24,35
18,2009,29,24,32
19,2009,27,24,29
20,2009,26,24,27
21,2009,26,23,28
22,2009,31,23,33
23,2009,33,23,34
24,2009,35,23,36
25,2009,29,23,41
26,2009,16,22,24
27,2009,20,22,27
28,2009,19,22,27
29,2009,10,22,19
30,2009,24,22,32
31,2009,18,22,32
1,2010,23,31,27
2,2010,27,30,33
3,2010,23,30,28
4,2010,25,29,29
5,2010,18,29,23
6,2010,16,28,20
7,2010,15,28,21
8,2010,17,28,25
9,2010,25,27,37
10,2010,32,27,45
11,2010,29,26,39
12,2010,17,26,29
13,2010,6,26,12
14,2010,8,25,18
15,2010,21,25,24
16,2010,20,25,22
17,2010,10,24,20
18,2010,11,24,20
19,2010,9,24,20
20,2010,26,24,33
21,2010,27,23,36
22,2010,27,23,32
23,2010,27,23,31
24,2010,27,23,28
25,2010,24,23,26
26,2010,17,22,21
27,2010,11,22,15
28,2010,15,22,26
29,2010,21,22,35
30,2010,41,22,47
31,2010,35,22,48
1,2011,35,31,43
2,2011,29,30,39
3,2011,44,30,52
4,2011,38,29,48
5,2011,27,29,29
6,2011,26,28,29
7,2011,21,28,33
8,2011,29,28,35
9,2011,16,27,24
10,2011,17,27,28
11,2011,28,26,37
12,2011,37,26,41
13,2011,40,26,45
14,2011,49,25,57
15,2011,39,25,49
16,2011,26,25,34
17,2011,33,24,40
18,2011,37,24,52
19,2011,39,24,46
20,2011,34,24,37
21,2011,37,23,42
22,2011,28,23,35
23,2011,23,23,33
24,2011,30,23,45
25,2011,35,23,47
26,2011,31,22,45
27,2011,33,22,39
28,2011,32,22,43
29,2011,39,22,51
30,2011,39,22,42
31,2011,44,22,51
1,2012,44,31,56
2,2012,54,30,62
3,2012,58,30,68
4,2012,46,29,60
5,2012,34,29,41
6,2012,45,28,51
7,2012,39,28,43
8,2012,37,28,42
9,2012,32,27,39
10,2012,21,27,26
11,2012,26,26,39
12,2012,36,26,49
13,2012,38,26,50
14,2012,36,25,50
15,2012,45,25,50
16,2012,39,25,45
17,2012,29,24,33
18,2012,37,24,44
19,2012,35,24,37
20,2012,25,24,35
21,2012,17,23,22
22,2012,19,23,30
23,2012,19,23,25
24,2012,22,23,25
25,2012,15,23,20
26,2012,21,22,27
27,2012,20,22,29
28,2012,28,22,30
29,2012,18,22,27
30,2012,22,22,37
31,2012,25,22,35
1,2013,37,31,47
2,2013,38,30,45
3,2013,41,30,47
4,2013,39,29,53
5,2013,19,29,24
6,2013,12,28,16
7,2013,9,28,16
8,2013,17,28,21
9,2013,5,27,20
10,2013,5,27,19
11,2013,7,26,18
12,2013,9,26,23
13,2013,17,26,28
14,2013,21,25,26
15,2013,13,25,16
16,2013,18,25,23
17,2013,25,24,37
18,2013,27,24,42
19,2013,29,24,36
20,2013,29,24,33
21,2013,27,23,29
22,2013,20,23,29
23,2013,2,23,11
24,2013,1,23,17
25,2013,23,23,29
26,2013,23,22,37
27,2013,24,22,41
28,2013,30,22,45
29,2013,18,22,36
30,2013,2,22,10
31,2013,3,22,11
1,2014,15,31,19
2,2014,20,30,30
3,2014,25,30,35
4,2014,28,29,33
5,2014,36,29,40
6,2014,35,28,43
7,2014,31,28,37
8,2014,35,28,40
9,2014,31,27,37
10,2014,32,27,33
11,2014,30,26,33
12,2014,33,26,40
13,2014,39,26,52
14,2014,50,25,54
15,2014,48,25,50
16,2014,33,25,47
17,2014,22,24,28
18,2014,21,24,27
19,2014,26,24,32
20,2014,32,24,34
21,2014,38,23,41
22,2014,39,23,41
23,2014,39,23,43
24,2014,35,23,37
25,2014,40,23,48
26,2014,42,22,48
27,2014,30,22,41
28,2014,24,22,34
29,2014,21,22,29
30,2014,10,22,15
31,2014,11,22,22
